"Municipio";"2005/Dez";"2006/Dez";"2007/Dez";"2008/Dez";"2009/Dez";"2010/Dez";"2011/Dez";"2012/Dez";"2013/Dez";"2014/Dez";"2015/Dez";"2016/Dez";"2017/Dez";"2018/Dez";"2019/Dez";"2020/Dez";"2021/Dez";"2022/Dez";"2023/Dez";"2024/Dez"
"230010 ABAIARA";4;4;4;4;5;7;6;6;6;8;8;8;8;11;11;12;12;12;12;12
"230015 ACARAPE";6;6;6;6;6;8;8;8;16;21;21;22;22;22;19;19;17;16;17;17
"230020 ACARAU";21;27;28;32;37;37;37;40;43;43;41;43;47;47;49;54;59;62;62;65
"230030 ACOPIARA";17;22;24;27;28;32;32;34;36;36;34;36;33;30;39;38;39;44;43;56
"230040 AIUABA";10;10;10;10;12;12;12;12;12;12;9;9;9;12;11;13;13;13;14;15
"230050 ALCANTARAS";7;7;5;5;5;6;8;10;10;11;10;9;10;12;12;13;13;15;15;16
"230060 ALTANEIRA";5;7;7;7;8;10;9;9;8;9;9;9;10;8;9;9;9;8;8;8
"230070 ALTO SANTO";5;6;8;9;11;12;12;12;12;12;11;11;11;37;37;37;41;41;39;40
"230075 AMONTADA";10;11;10;11;14;17;17;16;16;18;18;18;17;17;17;18;18;20;22;23
"230080 ANTONINA DO NORTE";5;5;5;5;6;7;6;6;7;8;8;8;8;8;8;9;9;10;8;9
"230090 APUIARES";8;9;8;10;10;11;11;11;11;11;11;11;11;11;11;11;11;11;11;11
"230100 AQUIRAZ";24;25;26;26;28;31;33;35;44;44;46;54;55;56;57;60;65;72;76;79
"230110 ARACATI";44;47;49;48;52;56;59;63;66;67;68;70;71;77;79;84;89;98;101;105
"230120 ARACOIABA";13;13;13;14;17;19;20;20;26;27;27;27;27;28;28;30;39;40;39;39
"230125 ARARENDA";5;5;5;5;5;6;6;6;7;7;7;8;10;11;12;12;12;12;12;13
"230130 ARARIPE";11;11;11;17;18;20;19;19;19;21;21;20;20;19;20;21;20;21;21;21
"230140 ARATUBA";10;10;10;11;11;11;11;11;11;13;13;13;15;14;14;13;13;14;15;15
"230150 ARNEIROZ";6;6;5;5;5;6;6;7;9;10;10;5;7;8;9;9;9;10;10;11
"230160 ASSARE";10;13;13;15;16;17;16;16;19;20;23;22;23;23;23;25;24;25;27;30
"230170 AURORA";14;14;11;11;13;16;17;21;21;23;23;25;24;23;24;25;25;26;27;28
"230180 BAIXIO";3;3;3;3;3;4;4;4;4;5;5;5;5;6;7;7;6;7;7;6
"230185 BANABUIU";8;10;10;10;12;14;15;16;16;16;13;11;12;15;18;20;21;21;20;21
"230190 BARBALHA";38;39;52;60;62;66;70;70;74;75;74;75;82;90;90;92;94;96;107;107
"230195 BARREIRA";14;14;12;12;12;13;11;11;18;18;17;20;20;17;17;20;19;23;23;24
"230200 BARRO";10;13;14;16;16;17;18;17;18;19;19;20;21;21;22;23;24;22;21;20
"230205 BARROQUINHA";4;4;4;5;5;8;8;9;9;11;11;12;13;13;13;14;14;15;16;17
"230210 BATURITE";20;23;23;24;29;33;36;37;39;41;40;36;36;37;47;51;56;57;60;64
"230220 BEBERIBE";15;15;15;16;17;18;17;18;22;22;22;23;25;27;27;27;30;31;35;41
"230230 BELA CRUZ";14;15;16;16;16;21;21;21;22;23;25;25;26;27;28;32;35;39;39;40
"230240 BOA VIAGEM";16;20;21;24;24;26;27;28;30;30;31;31;36;37;36;36;42;48;43;47
"230250 BREJO SANTO";41;45;48;49;57;60;62;64;66;75;79;81;87;92;94;97;95;94;99;103
"230260 CAMOCIM";33;36;30;36;40;42;45;45;47;47;44;46;46;46;48;53;60;62;63;65
"230270 CAMPOS SALES";19;21;23;23;22;22;23;22;24;25;29;29;30;30;31;33;35;37;38;43
"230280 CANINDE";22;27;31;40;43;42;43;43;46;48;51;52;57;57;51;56;63;68;68;79
"230290 CAPISTRANO";10;11;11;11;11;14;14;14;17;17;17;18;18;18;18;19;21;22;22;22
"230300 CARIDADE";6;7;7;7;8;8;8;8;10;10;10;11;11;12;12;13;15;15;14;13
"230310 CARIRE";9;9;9;9;14;14;14;20;20;21;21;20;20;19;22;19;20;20;18;19
"230320 CARIRIACU";18;18;20;21;17;20;20;20;21;21;21;21;21;23;23;25;28;27;29;28
"230330 CARIUS";10;10;10;13;14;16;19;20;21;21;19;19;20;20;19;21;21;21;23;25
"230340 CARNAUBAL";14;17;21;24;27;33;34;34;32;32;29;29;29;31;36;36;37;37;37;37
"230350 CASCAVEL";18;20;20;21;22;23;23;24;30;31;32;35;36;36;39;44;50;54;59;70
"230360 CATARINA";9;9;10;11;13;14;14;14;15;15;14;14;14;15;16;19;21;21;21;21
"230365 CATUNDA";8;8;8;8;8;6;6;6;6;8;8;9;11;11;10;10;13;14;14;14
"230370 CAUCAIA";58;60;64;66;71;81;77;84;99;100;101;110;127;154;172;184;197;215;235;242
"230380 CEDRO";14;18;23;25;25;27;28;28;30;30;28;29;30;27;26;26;29;29;29;32
"230390 CHAVAL";6;7;7;6;10;10;10;10;13;13;12;11;11;12;12;14;15;16;16;17
"230393 CHORO";8;8;7;7;7;7;7;9;11;12;17;16;16;16;16;16;23;23;23;24
"230395 CHOROZINHO";17;17;18;12;11;12;17;19;20;21;19;21;21;21;21;22;22;24;26;27
"230400 COREAU";7;10;10;12;12;13;14;14;19;20;20;19;18;17;17;19;20;20;16;16
"230410 CRATEUS";39;44;43;2;55;57;61;62;67;71;72;73;74;75;78;85;86;86;96;112
"230420 CRATO";113;123;127;154;167;172;170;180;178;181;188;190;195;199;201;216;227;241;242;255
"230423 CROATA";8;8;8;8;9;12;15;18;18;18;18;17;19;20;19;20;21;24;24;24
"230425 CRUZ";15;16;16;17;15;16;16;17;18;18;19;19;21;24;23;24;27;34;39;49
"230426 DEPUTADO IRAPUAN PINHEIRO";9;9;9;10;12;12;12;12;15;15;14;14;15;17;17;17;17;17;16;17
"230427 ERERE";6;6;6;6;6;7;6;6;6;7;6;6;6;6;6;6;6;7;7;7
"230428 EUSEBIO";21;23;27;29;30;31;32;36;42;48;52;65;67;76;81;86;100;104;102;111
"230430 FARIAS BRITO";16;17;19;18;24;24;25;25;28;29;28;27;28;29;34;36;37;39;37;38
"230435 FORQUILHA";7;10;10;11;12;12;12;13;16;16;16;20;20;21;21;23;24;24;24;24
"230440 FORTALEZA";1515;2083;2407;2992;3541;3864;4156;4371;4583;4890;5029;5280;5644;5943;6098;6209;6449;6710;6673;6953
"230445 FORTIM";7;7;6;6;6;8;7;7;9;9;9;9;11;12;13;12;17;17;17;18
"230450 FRECHEIRINHA";4;4;6;8;9;10;11;9;9;9;10;12;12;12;12;12;15;17;17;20
"230460 GENERAL SAMPAIO";4;4;4;5;5;5;8;8;9;10;10;9;13;13;13;13;13;13;12;13
"230465 GRACA";8;8;8;8;8;9;9;9;12;14;13;13;14;13;14;16;16;15;16;17
"230470 GRANJA";12;16;16;17;18;17;17;19;23;25;27;27;29;29;32;34;32;32;32;39
"230480 GRANJEIRO";4;4;5;5;6;7;7;7;8;8;8;8;8;8;8;8;8;9;9;9
"230490 GROAIRAS";5;5;5;6;6;8;9;9;9;10;11;13;13;11;13;12;11;20;20;18
"230495 GUAIUBA";12;12;11;10;12;13;15;14;16;16;17;17;16;16;18;18;19;20;21;22
"230500 GUARACIABA DO NORTE";16;24;25;25;26;28;29;29;31;31;30;32;34;36;37;41;44;45;56;60
"230510 GUARAMIRANGA";4;4;5;5;5;6;6;6;6;6;7;7;7;7;7;8;8;8;8;8
"230520 HIDROLANDIA";6;6;6;7;7;8;8;8;9;9;9;10;11;13;14;15;16;16;16;18
"230523 HORIZONTE";15;17;20;21;22;24;27;30;33;40;42;42;42;43;43;45;47;46;49;56
"230526 IBARETAMA";6;6;8;7;7;11;12;12;12;13;13;15;15;15;15;17;18;17;16;17
"230530 IBIAPINA";17;18;19;17;21;22;22;22;25;28;26;27;27;27;28;29;29;30;34;36
"230533 IBICUITINGA";10;10;10;10;10;11;11;13;14;16;16;15;16;15;11;13;20;20;19;21
"230535 ICAPUI";10;11;11;11;11;11;11;11;12;12;14;14;14;14;14;15;15;17;17;17
"230540 ICO";31;40;35;36;38;39;44;46;52;55;56;55;58;59;64;71;71;70;73;73
"230550 IGUATU";64;76;83;88;91;93;99;102;106;117;118;123;130;132;132;138;138;146;153;168
"230560 INDEPENDENCIA";21;21;13;13;18;18;18;18;19;21;25;26;25;29;34;35;35;37;35;35
"230565 IPAPORANGA";7;7;7;7;8;8;10;10;10;10;11;13;14;14;14;14;15;15;16;16
"230570 IPAUMIRIM";8;8;5;5;5;5;6;6;7;8;7;7;8;8;7;8;9;10;12;13
"230580 IPU";18;22;24;27;29;31;31;32;32;38;36;34;38;38;39;42;46;46;48;48
"230590 IPUEIRAS";15;15;15;15;15;17;18;18;18;19;16;18;20;20;21;22;31;32;33;36
"230600 IRACEMA";8;9;9;9;11;11;12;13;15;17;16;15;15;16;16;16;17;17;17;18
"230610 IRAUCUBA";6;6;7;11;13;17;18;17;19;19;17;17;18;20;21;21;21;21;24;23
"230620 ITAICABA";5;5;5;5;5;6;5;5;6;6;6;6;7;7;8;9;10;10;10;10
"230625 ITAITINGA";16;19;20;21;26;25;24;24;25;24;25;25;25;28;28;31;32;34;36;40
"230630 ITAPAGE";20;26;25;26;29;34;34;34;36;35;36;36;35;36;44;44;45;47;52;55
"230640 ITAPIPOCA";35;59;65;66;73;79;82;87;92;95;103;109;114;122;125;137;152;154;161;169
"230650 ITAPIUNA";11;11;12;12;12;13;8;9;10;10;11;11;12;13;12;12;12;12;13;26
"230655 ITAREMA";12;15;15;15;16;17;17;17;23;23;22;22;27;28;28;30;34;35;37;38
"230660 ITATIRA";6;6;6;6;7;9;10;11;16;17;17;17;18;18;18;19;21;21;21;23
"230670 JAGUARETAMA";7;7;7;7;10;10;9;10;11;13;13;13;16;16;16;18;19;22;22;21
"230680 JAGUARIBARA";5;5;4;4;5;6;6;6;9;9;9;9;9;10;11;13;14;16;16;16
"230690 JAGUARIBE";22;23;23;24;25;24;24;26;27;28;34;41;41;42;43;49;49;49;48;50
"230700 JAGUARUANA";13;14;14;15;20;22;24;24;26;44;45;45;47;46;48;28;27;28;43;55
"230710 JARDIM";19;21;20;22;22;23;24;24;24;25;25;25;22;21;19;20;22;24;25;25
"230720 JATI";7;10;10;9;9;12;11;11;12;12;13;13;14;14;14;14;18;18;19;19
"230725 JIJOCA DE JERICOACOARA";6;6;6;7;10;11;11;11;12;13;13;14;15;15;21;23;26;26;27;27
"230730 JUAZEIRO DO NORTE";125;184;210;254;270;292;310;329;339;362;378;389;417;444;479;507;533;588;609;678
"230740 JUCAS";8;9;9;9;9;10;12;13;15;15;17;17;17;17;17;18;21;24;24;24
"230750 LAVRAS DA MANGABEIRA";15;16;16;19;22;22;22;22;23;23;21;21;22;22;24;27;29;30;31;35
"230760 LIMOEIRO DO NORTE";21;50;56;58;66;66;71;71;76;81;81;82;89;96;123;135;142;144;144;151
"230763 MADALENA";9;10;10;11;11;12;12;12;12;12;12;12;12;12;13;14;14;17;18;19
"230765 MARACANAU";32;52;64;73;77;82;86;92;117;134;136;151;175;197;165;120;156;196;295;302
"230770 MARANGUAPE";45;50;53;54;58;56;57;54;59;50;53;56;61;64;72;74;81;89;98;106
"230780 MARCO";9;14;12;12;12;15;18;18;18;18;17;17;19;19;22;21;22;23;23;23
"230790 MARTINOPOLE";6;6;6;7;7;8;7;7;10;14;14;13;9;10;9;9;10;11;12;16
"230800 MASSAPE";11;12;14;15;16;18;18;17;18;18;18;18;18;18;18;19;20;21;24;26
"230810 MAURITI";26;27;27;28;30;29;30;32;40;43;49;48;49;51;48;54;57;57;56;53
"230820 MERUOCA";6;6;6;6;6;8;12;12;13;13;14;15;15;16;16;18;20;20;20;21
"230830 MILAGRES";17;19;19;20;25;27;28;29;30;30;29;29;29;34;36;40;42;41;39;37
"230835 MILHA";12;13;13;14;15;17;11;11;11;12;13;14;17;16;17;17;22;23;22;23
"230837 MIRAIMA";5;5;5;4;5;10;9;11;11;11;11;9;12;12;12;13;13;12;12;11
"230840 MISSAO VELHA";18;21;23;23;25;26;26;26;29;29;27;29;34;36;30;31;33;34;34;36
"230850 MOMBACA";15;15;16;17;18;18;18;19;19;21;24;25;25;26;25;31;31;36;39;42
"230860 MONSENHOR TABOSA";8;10;10;12;12;13;13;13;14;15;16;16;18;19;18;21;21;21;21;21
"230870 MORADA NOVA";31;37;40;45;47;45;45;46;48;59;58;59;55;54;58;55;65;67;71;71
"230880 MORAUJO";4;4;4;4;5;6;8;8;9;9;9;10;10;10;10;10;11;11;11;11
"230890 MORRINHOS";5;5;5;5;11;13;14;15;15;15;14;14;16;17;17;17;16;15;16;17
"230900 MUCAMBO";8;8;9;9;10;11;11;11;12;12;9;9;9;10;13;13;13;13;15;15
"230910 MULUNGU";5;5;5;6;7;8;8;8;9;10;10;10;10;10;10;11;11;12;12;12
"230920 NOVA OLINDA";7;7;7;7;8;9;8;9;10;14;16;15;15;16;16;16;18;18;19;19
"230930 NOVA RUSSAS";10;14;16;17;23;26;25;26;28;29;26;26;26;25;26;19;20;24;28;34
"230940 NOVO ORIENTE";10;11;13;14;15;15;15;17;21;21;21;20;21;25;25;26;27;28;31;31
"230945 OCARA";9;10;11;14;17;19;18;19;20;22;23;23;35;31;24;34;35;33;30;29
"230950 OROS";13;16;12;14;14;15;15;16;29;30;29;29;27;28;28;31;31;30;30;31
"230960 PACAJUS";16;23;23;23;28;30;31;34;38;39;43;47;48;52;56;57;60;59;65;62
"230970 PACATUBA";14;15;15;15;17;16;18;19;26;26;24;25;27;26;27;31;33;36;37;37
"230980 PACOTI";12;12;12;12;12;12;12;13;14;14;14;14;14;14;22;15;16;16;24;25
"230990 PACUJA";4;4;4;4;4;6;6;6;6;5;5;5;7;8;10;10;10;10;10;11
"231000 PALHANO";6;6;6;6;6;7;7;7;8;15;14;13;12;13;6;9;10;10;10;10
"231010 PALMACIA";8;8;8;8;8;10;13;14;7;7;7;7;7;7;8;9;10;10;10;11
"231020 PARACURU";9;12;14;16;19;22;23;23;23;23;23;24;24;24;25;30;32;34;37;43
"231025 PARAIPABA";11;12;12;13;13;14;16;17;19;19;19;19;24;24;27;27;31;33;38;39
"231030 PARAMBU";18;21;22;21;20;22;25;25;26;26;23;22;27;30;32;31;31;28;28;31
"231040 PARAMOTI";5;6;6;6;6;7;7;7;8;8;8;8;8;8;8;10;10;11;11;13
"231050 PEDRA BRANCA";22;22;22;23;21;19;19;30;30;33;33;35;37;39;41;43;46;46;47;48
"231060 PENAFORTE";7;8;8;8;8;10;10;11;11;12;13;13;13;13;15;15;23;23;22;24
"231070 PENTECOSTE";16;19;16;18;23;22;23;24;27;27;25;26;26;26;26;28;31;31;31;32
"231080 PEREIRO";6;6;6;7;8;8;8;7;7;11;12;12;13;14;14;16;18;19;20;23
"231085 PINDORETAMA";6;7;9;10;11;15;16;14;17;16;16;19;19;19;19;20;20;19;22;22
"231090 PIQUET CARNEIRO";6;6;6;6;7;7;7;8;9;11;11;11;13;15;14;14;14;16;19;20
"231095 PIRES FERREIRA";3;3;2;2;2;3;4;4;6;6;6;7;8;8;8;9;12;12;13;12
"231100 PORANGA";5;5;4;4;5;7;8;8;10;10;10;10;10;11;11;11;12;12;12;11
"231110 PORTEIRAS";12;12;14;14;13;17;16;16;18;20;15;14;15;15;15;16;16;17;17;17
"231120 POTENGI";7;7;7;7;7;9;9;12;12;12;12;12;12;12;13;14;17;17;18;20
"231123 POTIRETAMA";5;5;5;5;4;7;7;7;7;7;7;7;7;7;7;7;7;7;8;9
"231126 QUITERIANOPOLIS";7;7;7;7;7;7;7;8;17;19;18;18;19;40;41;43;46;48;52;53
"231130 QUIXADA";48;54;58;65;72;81;87;91;99;109;105;109;111;116;131;133;141;148;150;153
"231135 QUIXELO";11;11;11;11;16;16;16;13;15;16;19;20;20;19;19;20;20;20;20;21
"231140 QUIXERAMOBIM";27;31;30;31;36;41;42;43;46;50;57;65;67;67;67;69;69;73;79;84
"231150 QUIXERE";8;8;9;8;8;7;8;10;10;10;12;11;11;16;18;18;20;21;24;30
"231160 REDENCAO";19;22;22;24;28;32;33;34;36;35;34;34;34;34;35;36;40;40;40;40
"231170 RERIUTABA";7;7;7;7;7;7;7;7;7;8;10;15;15;15;15;16;20;20;20;21
"231180 RUSSAS";23;33;36;38;41;53;52;57;62;66;70;76;79;79;81;85;90;94;102;107
"231190 SABOEIRO";6;6;6;6;8;9;10;10;11;12;13;13;13;14;14;15;15;15;18;19
"231195 SALITRE";5;5;7;7;7;7;10;11;15;16;17;18;21;21;21;23;23;23;23;22
"231200 SANTANA DO ACARAU";12;14;15;15;15;15;15;15;16;16;16;16;16;17;17;19;21;22;22;24
"231210 SANTANA DO CARIRI";8;8;8;8;8;10;10;10;10;11;12;12;11;11;12;15;16;16;16;16
"231220 SANTA QUITERIA";14;14;17;17;22;25;25;25;23;23;19;21;26;27;27;28;29;31;30;30
"231230 SAO BENEDITO";13;16;24;26;27;31;31;33;38;38;37;42;43;44;50;51;89;93;96;101
"231240 SAO GONCALO DO AMARANTE";8;11;15;17;22;25;24;26;34;36;35;36;38;42;43;45;51;53;56;61
"231250 SAO JOAO DO JAGUARIBE";4;5;5;6;6;6;6;6;6;6;6;6;6;5;5;6;7;7;8;9
"231260 SAO LUIS DO CURU";10;10;8;8;8;11;11;11;12;13;13;13;13;13;13;14;14;14;15;14
"231270 SENADOR POMPEU";17;23;26;28;28;26;25;26;28;28;26;29;29;29;30;30;32;32;33;36
"231280 SENADOR SA";4;4;4;4;4;5;5;5;5;5;5;5;5;5;6;7;8;8;10;10
"231290 SOBRAL";129;139;148;153;128;172;185;195;218;235;239;249;256;264;291;314;368;393;405;424
"231300 SOLONOPOLE";7;8;9;8;8;11;15;15;15;20;21;21;23;22;23;25;29;29;29;30
"231310 TABULEIRO DO NORTE";13;19;20;20;21;25;24;24;24;24;24;21;27;27;28;28;36;39;39;40
"231320 TAMBORIL";10;14;14;14;14;15;15;15;15;15;16;19;20;20;20;21;22;23;23;25
"231325 TARRAFAS";2;3;3;3;3;6;5;6;6;7;7;7;7;6;6;6;6;6;6;6
"231330 TAUA";48;54;57;63;63;65;73;74;76;77;58;56;60;64;68;73;77;75;75;84
"231335 TEJUCUOCA";12;12;9;9;9;10;14;14;14;14;16;16;16;16;17;23;23;24;25;25
"231340 TIANGUA";22;34;46;52;57;59;62;62;66;69;72;76;76;80;71;57;67;74;77;92
"231350 TRAIRI";16;19;16;17;17;23;23;22;25;25;25;24;26;28;28;30;39;40;40;44
"231355 TURURU";4;4;5;5;7;8;7;8;10;10;12;11;11;11;11;10;10;10;10;10
"231360 UBAJARA";19;19;21;21;23;27;30;29;29;29;27;28;28;28;28;31;34;36;38;39
"231370 UMARI";5;5;4;4;4;5;6;6;6;7;7;6;6;6;6;7;10;11;12;12
"231375 UMIRIM";6;7;7;7;7;9;11;11;15;15;16;15;15;14;14;13;11;11;12;12
"231380 URUBURETAMA";9;12;12;14;15;16;15;15;17;19;21;19;19;19;18;19;19;21;20;19
"231390 URUOCA";6;6;6;6;7;8;9;9;10;10;10;12;13;13;13;13;13;16;16;18
"231395 VARJOTA";5;5;6;6;9;10;10;12;12;12;10;10;12;12;11;12;15;16;20;23
"231400 VARZEA ALEGRE";16;23;22;24;27;27;27;27;28;27;32;32;31;33;32;34;35;33;34;41
"231410 VICOSA DO CEARA";27;29;30;29;29;30;30;33;37;35;30;31;30;32;35;34;35;36;37;43
"Total";4250;5254;5734;6517;7383;8066;8506;8892;9510;10091;10276;10689;11322;11896;12270;12650;13422;14041;14375;15132
 
